<?xml version='1.0' encoding='utf-8'?>
<addon id="plugin.video.jellyfin" name="Jellyfin" version="0.7.9+py2" provider-name="Jellyfin Contributors, angelblue05">
  <requires>
    <import addon="xbmc.python" version="2.25.0" />
    <import addon="script.module.requests" version="2.22.0" />
    <import addon="script.module.dateutil" version="2.8.1" />
    <import addon="script.module.six" version="1.13.0" />
    <import addon="script.module.kodi-six" version="0.0.7" />
    <import addon="script.module.addon.signals" version="0.0.5" />
    <import addon="script.module.futures" version="2.2.0" />
    <import addon="script.module.websocket" version="0.57.0" />
  </requires>
  <extension point="xbmc.python.pluginsource" library="default.py">
    <provides>video audio image</provides>
  </extension>
  <extension point="xbmc.service" library="service.py" start="login">
  </extension>
  <extension point="kodi.context.item">
    <menu id="kodi.core.main">
      <item library="context.py">
        <label>30401</label>
        <visible>[!String.IsEmpty(ListItem.DBID) + !String.IsEqual(ListItem.DBID,-1) | !String.IsEmpty(ListItem.Property(jellyfinid))] + !String.IsEmpty(Window(10000).Property(jellyfin_context))</visible>
      </item>
      <item library="context_play.py">
        <label>30402</label>
        <visible>[[!String.IsEmpty(ListItem.DBID) + !String.IsEqual(ListItem.DBID,-1) | !String.IsEmpty(ListItem.Property(jellyfinid))] + [String.IsEqual(ListItem.DBTYPE,movie) | String.IsEqual(ListItem.DBTYPE,episode)]] + !String.IsEmpty(Window(10000).Property(jellyfin_context_transcode))</visible>
      </item>
    </menu>
  </extension>
  <extension point="xbmc.addon.metadata">
    <platform>all</platform>
    <language>en</language>
    <license>GNU GENERAL PUBLIC LICENSE. Version 3, 29 June 2007</license>
    <forum>https://forum.jellyfin.org</forum>
    <website>https://jellyfin.org/</website>
    <source>https://github.com/jellyfin/jellyfin-kodi</source>
    <summary lang="en" />
    <description lang="en">Welcome to Jellyfin for Kodi!
A whole new way to manage and view your media library. The Jellyfin addon for Kodi combines the best of Kodi - ultra smooth navigation, beautiful UIs and playback of any file under the sun, and Jellyfin - the most powerful fully open source multi-client media metadata indexer and server.

Jellyfin for Kodi is the absolute best way to enjoy the incredible Kodi playback engine combined with the power of Jellyfin's centralized database. Features:
* Direct integration with the Kodi library for native Kodi speed
* Instant synchronization with the Jellyfin server
* Full support for Movie, TV and Music collections
* Jellyfin Server direct stream and transcoding support - use Kodi when you are away from home!</description>
    <news>v0.7.9 (2022-11-15):
New features and improvements
------------------------------------
+ Add option to disable remote control (#629) @mcarlton00

Bug Fixes
---------
+ Properly apply Movie premiered date (#687) @oddstr13
+ Add back verify_kodi_defaults from #426 (#684) @oddstr13
+ Improve KodiSyncQueue presence test (#682) @oddstr13
+ Disable cinema mode by default (#681) @oddstr13

Code or Repo Maintenance
------------------------
+ Fix typos (#691) @kianmeng
+ Remove option: Developer mode (#644) @jessbo

CI &amp; build changes
------------------
+ Bump release-drafter/release-drafter from 5.21.0 to 5.21.1 (#683) @dependabot
+ Bump appleboy/ssh-action from 0.1.4 to 0.1.5 (#665) @dependabot
+ Bump release-drafter/release-drafter from 5.20.0 to 5.21.0 (#678) @dependabot
+ Bump codecov/codecov-action from 3.1.0 to 3.1.1 (#679) @dependabot
+ CI - remove use_aliases from emoji command (#661) @mcarlton00
+ Bump actions/setup-python from 3 to 4 (#656) @dependabot
+ Bump release-drafter/release-drafter from 5.19.0 to 5.20.0 (#653) @dependabot</news>
    <assets>
      <icon>resources/icon.png</icon>
      <fanart>resources/fanart.png</fanart>
    </assets>
  </extension>
</addon>
